accelpedalpos:,ExhaustT:,Wheelspeed:,Instfuelecon:,EngTq:,Support,Count,Kvalue,IsOver
.,.,0 1 1,.,.,0.010762953732363228,1071,2.2469034182518413,0
.,.,.,0 0 0,.,0.5581963259235438,55545,2.1840062508677875,0
.,.,0 1 1,0 0 0,.,0.010722755959319853,1067,2.2496505026198896,0
.,.,1 1 1,.,.,0.00834103790649998,830,1.9614158948741591,0
.,.,.,0 0 1,.,0.026992804598625235,2686,1.9276754637316635,0
.,.,.,1 0 0,.,0.01869196446516863,1860,1.5808891525218312,0
2 2 2,.,.,.,.,0.015405796518872854,1533,1.867545538163768,0
.,.,.,.,1 1 1,0.09891667001648109,9843,1.9739477757623465,0
2 2 2,.,.,.,1 1 1,0.0048840294247698675,486,2.102782003716682,0
.,.,1 1 1,0 0 0,.,0.008059653495196367,802,1.9689972758368453,0
.,.,.,0 0 0,1 1 1,0.08981187442215702,8937,1.9597277595558649,0
.,.,.,.,4 3 2,0.00420066728303252,418,2.263216321018378,0
4 3 3,.,.,.,.,0.009577119427583712,953,2.343182621283752,0
.,.,1 1 2,.,.,0.011978936366925272,1192,2.1597044982633116,0
.,.,.,.,3 2 1,0.004512200024118664,449,2.15100770869232,0
4 3 3,.,.,0 0 0,.,0.007215500261285525,718,2.449120968179777,0
.,.,1 1 2,0 0 0,.,0.011898540820838525,1184,2.168376372083439,0
3 3 2,.,.,.,.,0.007808417413675282,777,2.037876682734394,0
.,.,1 2 2,.,.,0.015858021465610807,1578,2.078947148937133,0
.,.,.,.,2 1 0,0.004683040559553001,466,1.7763168039619182,0
.,.,1 2 2,0 0 0,.,0.015697230373437312,1562,2.090328877319459,0
.,9 9 9,.,.,.,0.006079913172810226,605,2.6855791406381853,0
.,.,2 2 2,.,.,0.016460988061261405,1638,1.9252710512251765,0
.,9 9 9,.,0 0 0,.,0.005607589339550589,558,2.7201989286122887,0
.,.,2 2 2,0 0 0,.,0.014812879366483097,1474,2.021346192831271,0
.,.,2 2 3,.,.,0.018983398319733086,1889,2.1696345447179377,1
.,.,2 2 3,0 0 0,.,0.018561321702777665,1847,2.18385205968079,0
4 4 4,.,.,.,.,0.01808899786951803,1800,2.4599516368219314,0
.,.,2 3 3,.,.,0.021053583631466817,2095,2.276699885635705,0
.,.,.,.,4 4 3,0.005165413836073482,514,2.2520984357021745,0
4 4 4,.,.,0 0 0,.,0.016883064678216826,1680,2.4847889495921307,0
.,.,2 3 3,0 0 0,.,0.020480765365598747,2038,2.307305919501716,0
.,.,.,0 0 0,4 4 3,0.004974474414117458,495,2.256349110201646,0
4 4 3,.,.,.,.,0.008351087349760823,831,2.3007876853577933,0
.,.,3 3 3,.,.,0.025334646460586082,2521,2.059326978110044,0
4 4 3,.,.,0 0 0,.,0.007044659725851188,701,2.3821014701205474,0
.,.,3 3 3,0 0 0,.,0.02012903485146923,2003,2.2309426594373885,0
3 3 3,.,.,.,.,0.021566105237769827,2146,2.3869874152397434,0
.,.,.,.,2 1 1,0.00897415283193311,893,2.3238102932109883,0
3 3 3,.,.,0 0 0,.,0.014782731036700567,1471,2.410647111429005,0
.,.,.,0 0 0,2 1 1,0.004210716726293364,419,2.517508007942127,0
.,8 8 8,.,.,.,0.016179603649957793,1610,2.4947357191866506,0
.,8 8 8,.,0 0 0,.,0.014631989387787916,1456,2.539667349990704,0
.,.,.,.,1 1 0,0.006019616513245166,599,1.761154434550264,0
.,7 7 7,.,.,.,0.030912087470354142,3076,2.397828884285957,0
.,.,.,.,3 3 3,0.010984041484101781,1093,2.381340669031101,0
.,7 7 7,.,0 0 0,.,0.02627929412710536,2615,2.451803089416314,0
.,.,.,0 0 0,3 3 3,0.010300679342364434,1025,2.392502961752981,0
.,7 7 8,.,.,.,0.004210716726293364,419,2.4448288540318988,1
.,7 7 8,.,0 0 0,.,0.004180568396510834,416,2.4641621515116854,1
.,.,.,.,3 3 2,0.006381396470635527,635,2.3060262183677738,0
.,.,.,0 0 0,3 3 2,0.005607589339550589,558,2.3643430556483325,0
.,.,.,.,3 2 2,0.007064758612372875,703,2.357672119187658,0
.,.,.,0 0 0,3 2 2,0.00608996261607107,606,2.4135836852743497,0
.,.,.,.,2 2 2,0.023485548900590906,2337,2.410059965426305,0
.,.,.,0 0 0,2 2 2,0.019988342645817423,1989,2.411024887893328,0
2 3 3,.,.,.,.,0.0045825461269445675,456,1.8892104622673496,1
.,.,.,.,2 2 1,0.007557181332154199,752,2.23429344874248,0
.,.,.,0 0 0,2 2 1,0.0041202717369457735,410,2.288699130337677,0
3 2 2,.,.,.,.,0.008923905615628894,888,2.078293114096959,0
.,.,.,.,1 0 0,0.006230654821722877,620,1.588114216280088,0
.,7 7 6,.,.,.,0.0042207661695542065,420,2.0281146296824755,1
.,.,.,.,0 0 0,0.009546971097801182,950,1.574219626164606,0
.,.,.,0 1 1,.,0.010752904289102383,1070,2.1179874089697543,0
.,6 6 6,.,.,.,0.04641837842183543,4619,2.2817339617652403,0
.,6 6 6,.,0 0 0,.,0.037112593962294486,3693,2.3262460501722453,0
.,.,.,.,6 6 5,0.004763436105639747,474,2.3028212276352726,0
.,.,.,0 0 0,6 6 5,0.004723238332596374,470,2.3161049267968363,0
6 6 6,.,.,.,.,0.009225388913454195,918,2.204566909132787,0
6 6 6,.,.,0 0 0,.,0.00915504281062829,911,2.211019558651412,0
.,.,.,.,5 5 6,0.006100012059331913,607,2.2616054526791403,0
.,.,.,0 0 0,5 5 6,0.006079913172810226,605,2.261915020143825,0
.,.,.,.,5 6 6,0.0072657474775897415,723,2.2939484707115443,0
.,.,.,0 0 0,5 6 6,0.0072355991478072115,720,2.301885628544955,0
.,.,3 3 4,.,.,0.01831008562125658,1822,2.379339935230689,0
.,.,3 3 4,0 0 0,.,0.017867910117779474,1778,2.406452697674927,0
.,.,3 4 4,.,.,0.02172689632994332,2162,2.3954582150711734,0
.,.,3 4 4,0 0 0,.,0.021214374723640312,2111,2.4237864435258154,0
5 4 4,.,.,.,.,0.007486835229328295,745,2.2776879054568027,0
.,.,4 4 4,.,.,0.045684769063793866,4546,2.1348544639863207,0
5 4 4,.,.,0 0 0,.,0.007024560839329501,699,2.2904020314763214,0
.,.,4 4 4,0 0 0,.,0.035092655866864976,3492,2.3353348610466216,0
.,.,0 0 1,.,.,0.009376130562366846,933,2.305617743597541,0
.,.,.,.,5 5 5,0.0072657474775897415,723,2.1842097617610228,0
.,.,0 0 1,0 0 0,.,0.009366081119106001,932,2.306184916562542,0
.,.,.,0 0 0,5 5 5,0.007245648591068055,721,2.187589978740786,0
.,.,0 1 2,.,.,0.006351248140852997,632,1.932706378003669,0
.,.,0 1 2,0 0 0,.,0.006351248140852997,632,1.932706378003669,0
5 5 5,.,.,.,.,0.011295574225187925,1124,2.18532605521494,0
5 5 5,.,.,0 0 0,.,0.011014189813884311,1096,2.191393683747181,0
5 5 4,.,.,.,.,0.00636129758411384,633,2.2059127558324128,0
5 5 4,.,.,0 0 0,.,0.006049764843027696,602,2.213897398600573,0
.,.,.,.,4 3 3,0.005044820516943362,502,2.229620280943576,0
.,.,.,0 0 0,4 3 3,0.004753386662378904,473,2.2398823837931507,0
4 4 4,.,.,.,3 3 3,0.008200345700848172,816,2.4146684186325515,0
4 4 4,.,.,0 0 0,3 3 3,0.007788318527153596,775,2.418619339684556,0
3 3 3,.,.,.,2 2 2,0.01056196486714636,1051,2.4262090993966017,0
3 3 3,.,.,0 0 0,2 2 2,0.008592273988021063,855,2.398423807762283,0
7 7 6,.,.,.,.,0.004059975077380713,404,2.4181424784714682,0
.,.,1 2 3,.,.,0.005024721630421674,500,2.2753130657566807,0
.,.,.,.,5 5 4,0.004180568396510834,416,2.2711379152310576,0
7 7 6,.,.,0 0 0,.,0.004039876190859026,402,2.4311814424550797,0
.,.,1 2 3,0 0 0,.,0.005004622743899988,498,2.280974690914861,0
.,.,.,0 0 0,5 5 4,0.0041202717369457735,410,2.2918570681419377,0
6 5 5,.,.,.,.,0.005034771073682518,501,2.20730052518132,0
6 5 5,.,.,0 0 0,.,0.004954375527595771,493,2.210159417781018,0
5 4 3,.,.,.,.,0.004863930538248181,484,2.1760406583748932,0
5 4 3,.,.,0 0 0,.,0.00414037062346746,412,2.238945904707189,0
.,.,.,1 1 1,.,0.013345660650399967,1328,2.264598767396603,0
2 2 2,.,.,1 1 1,.,0.00420066728303252,418,2.1417817991896366,0
.,6 5 5,.,.,.,0.005919122080636733,589,2.051756875752244,0
.,.,.,.,4 4 4,0.007285846364111428,725,2.082211398388828,0
.,.,.,0 0 0,4 4 4,0.007094906942155405,706,2.0870562105228556,0
4 3 2,.,.,.,.,0.005125216063030108,510,2.1260355050879647,0
.,7 6 6,.,.,.,0.004301161715640953,428,2.113388119241724,0
2 2 3,.,.,.,.,0.004693090002813844,467,1.7848910107569984,0
.,.,.,.,1 1 2,0.005145314949551795,512,2.1661956805272777,0
.,6 6 5,.,.,.,0.005899023194115046,587,1.8997682594087504,0
3 3 4,.,.,.,.,0.004934276641074085,491,2.1729265459237688,0
.,5 5 5,.,.,.,0.06199501547614262,6169,2.2646943964800896,0
.,.,.,.,1 2 2,0.004803633878683121,478,2.1794525325206515,0
.,5 5 5,4 4 4,.,.,0.005306106041725289,528,2.2807667027057703,0
.,5 5 5,.,0 0 0,.,0.04779515214857097,4756,2.3429520147055083,0
.,5 5 5,4 4 4,0 0 0,.,0.00453229891064035,451,2.4528289484495422,0
3 4 4,.,.,.,.,0.005054869960204204,503,2.2614195576403016,0
3 4 4,.,.,0 0 0,.,0.004100172850424086,408,2.2843139825255285,0
.,.,4 4 5,.,.,0.01737548739799815,1729,2.3354850647104333,0
.,.,4 4 5,0 0 0,.,0.01689311412147767,1681,2.360499170636689,0
.,4 4 4,.,.,.,0.07489850062306548,7453,2.162778900487741,0
.,4 4 4,4 4 4,.,.,0.009265586686497568,922,2.314420334139126,0
.,.,.,2 0 0,.,0.005838726534549986,581,1.1836377018408075,0
.,4 4 4,.,.,1 1 1,0.0040800739639024,406,1.7858316028185264,0
.,4 4 4,.,0 0 0,.,0.057382321019415525,5710,2.227875280152209,0
.,4 4 4,4 4 4,0 0 0,.,0.007476785786067452,744,2.4366919158939533,0
.,4 4 3,.,.,.,0.004642842786509628,462,1.1827931850880389,0
3 3 3,4 4 4,.,.,.,0.004281062829119267,426,2.517207661007273,0
.,4 4 4,.,.,2 2 2,0.004371507818466857,435,2.3659118866125914,0
.,4 4 4,.,0 0 1,.,0.004059975077380713,404,1.9542864792524808,0
.,3 3 3,.,.,.,0.06608513888330586,6576,1.9514822428724363,0
.,3 3 3,4 4 4,.,.,0.00852192788519516,848,2.0532346310244867,0
.,3 3 3,.,.,1 1 1,0.006763275314547574,673,1.2281776496857642,0
.,3 3 3,.,0 0 0,.,0.051503396711822164,5125,2.0148473721441165,0
.,3 3 3,4 4 4,0 0 0,.,0.006823571974112634,679,2.2330614344654527,0
.,3 3 3,.,.,2 2 2,0.004341359488684327,432,2.5337961176216632,0
.,3 2 2,.,.,.,0.005235759938899385,521,1.2959065018772102,0
.,2 2 2,.,.,.,0.050247216304216746,5000,1.8001360471310572,0
.,2 2 2,4 4 4,.,.,0.004763436105639747,474,1.8926590719814742,0
.,3 3 4,.,.,.,0.015827873135828275,1575,2.1640561786320784,0
.,3 3 4,.,0 0 0,.,0.015415845962133698,1534,2.1965751895517776,0
.,4 4 4,3 3 3,.,.,0.005577441009768059,555,2.237792884568128,0
.,4 4 4,3 3 3,0 0 0,.,0.004753386662378904,473,2.330818589092704,0
.,.,.,.,5 6 7,0.00636129758411384,633,2.1849228739829663,0
.,.,.,0 0 0,5 6 7,0.006321099811070467,629,2.190275422425029,0
.,3 4 4,.,.,.,0.01766692125256261,1758,2.170110755144324,0
.,3 4 4,.,0 0 0,.,0.01695341078104273,1687,2.21060184172025,0
6 5 4,.,.,.,.,0.00411022229368493,409,2.176306489300752,0
.,4 3 3,.,.,.,0.006783374201069261,675,1.4960516990543309,0
.,.,.,1 1 0,.,0.006532138119548177,650,1.6014163160419923,0
.,2 2 2,.,0 0 0,.,0.038539614905334245,3835,1.8161215143850555,0
.,.,.,.,2 3 3,0.004341359488684327,432,2.2803058114026324,0
.,2 2 3,.,.,.,0.011386019214535515,1133,2.101516441899089,0
.,2 2 3,.,0 0 0,.,0.011024239257145154,1097,2.1531317595263557,0
.,2 3 3,.,.,.,0.012973831249748763,1291,2.123487356620252,0
.,2 3 3,.,0 0 0,.,0.012380914097359006,1232,2.1558361378505504,0
.,.,4 5 5,.,.,0.016812718575390923,1673,2.199088022747865,0
.,.,4 5 5,0 0 0,.,0.015978614784740924,1590,2.233184291179204,0
.,.,5 5 5,.,.,0.072747919765245,7239,2.2223153809274083,0
.,3 3 3,5 5 5,.,.,0.009908751055191543,986,2.3879607448541824,0
.,.,5 5 5,0 0 1,.,0.005808578204767456,578,2.145803591766037,0
.,2 2 2,.,.,1 1 1,0.013295413434095751,1323,1.4739758096792177,0
.,2 2 2,.,0 0 0,1 1 1,0.012049282469751175,1199,1.4359541901814281,0
4 4 4,.,5 5 5,.,.,0.004672991116292158,465,2.781789080858791,0
.,2 2 2,5 5 5,.,.,0.008773163966716244,873,2.405733397346168,0
.,.,5 5 5,0 0 0,.,0.046317883989226996,4609,2.411071997552109,0
4 4 4,.,5 5 5,0 0 0,.,0.0045825461269445675,456,2.788342071544234,0
.,2 2 2,5 5 5,0 0 0,.,0.004873979981509025,485,2.618658066069588,0
.,.,.,0 0 2,.,0.005265908268681915,524,1.4391712086270705,0
2 2 2,.,5 5 5,.,.,0.005356353258029505,533,2.0871175097918235,0
.,1 1 1,.,.,.,0.04935281585400169,4911,2.3366868439603983,0
.,1 1 1,5 5 5,.,.,0.004250914499336737,423,1.9529503520318523,0
.,1 1 1,.,0 0 0,.,0.04257949109619327,4237,2.5049178453449437,0
3 3 3,.,5 5 5,.,.,0.006532138119548177,650,2.618516731722293,0
3 3 3,.,5 5 5,0 0 0,.,0.005818627648028299,579,2.6514435130780947,0
4 5 5,.,.,.,.,0.004361458375206013,434,2.218610366963148,0
.,1 1 2,.,.,.,0.005195562165856012,517,2.0462952616231833,0
.,1 1 2,.,0 0 0,.,0.004914177754552398,489,2.1125662500119318,0
.,1 2 2,.,.,.,0.00630100092454878,627,2.0875973325726243,0
.,1 2 2,.,0 0 0,.,0.0059794187402017925,595,2.1166544225199098,0
7 7 7,.,.,.,.,0.007738071310849379,770,2.5022740244442057,0
.,.,.,.,6 7 7,0.005888973750854203,586,2.36885822769181,0
7 7 7,.,.,0 0 0,.,0.007728021867588536,769,2.5014435762566505,0
.,.,.,0 0 0,6 7 7,0.005868874864332516,584,2.369625795517061,0
.,0 0 0,.,.,.,0.04551392852835953,4529,1.9899176027862708,1
.,0 0 0,.,.,1 1 1,0.0376251155685975,3744,2.0740196902067707,1
.,0 0 0,.,0 0 0,.,0.0420066728303252,4180,2.0433911029201823,1
.,0 0 0,.,0 0 0,1 1 1,0.03728343449772883,3710,2.0758558204726083,1
.,.,.,.,6 6 6,0.01074285484584154,1069,2.4885954488490367,0
.,.,.,0 0 0,6 6 6,0.010732805402580698,1068,2.4930805004240995,0
4 4 5,.,.,.,.,0.00411022229368493,409,2.3023391268179134,0
.,.,.,.,4 5 6,0.0046528922297704705,463,2.2577647173545703,0
.,.,.,0 0 0,4 5 6,0.00459259557020541,457,2.280848987696184,0
8 8 8,.,.,.,.,0.004059975077380713,404,2.476094263678738,0
8 8 8,.,.,0 0 0,.,0.004029826747598183,401,2.484727476868804,0
.,.,.,.,8 8 8,0.00429111227238011,427,2.4528289484495422,1
.,.,.,0 0 0,8 8 8,0.00429111227238011,427,2.4575010035894462,1
.,4 4 4,5 5 5,.,.,0.01260200184909756,1254,2.4091151652098475,0
.,4 4 4,5 5 5,0 0 0,.,0.008803312296498774,876,2.5006513996457285,0
.,3 3 3,5 5 5,0 0 0,.,0.006160308718896973,613,2.6287702654269363,0
.,.,5 5 5,.,1 1 1,0.00456244724042288,454,2.4161319264799204,0
.,.,5 5 5,.,2 2 2,0.005275957711942759,525,2.7559563355028303,0
.,.,5 5 5,0 0 0,2 2 2,0.004904128311291555,488,2.7642992911098014,0
.,.,.,.,7 7 7,0.0045825461269445675,456,2.4382807340459265,0
.,.,.,0 0 0,7 7 7,0.004572496683683724,455,2.43679738669497,0
6 6 5,.,.,.,.,0.005004622743899988,498,2.208543138542982,0
6 6 5,.,.,0 0 0,.,0.004974474414117458,495,2.2154584050512,0
.,3 3 3,3 3 3,.,.,0.006190457048679503,616,2.1073888715428986,0
.,3 3 3,3 3 3,0 0 0,.,0.0050146721871608315,499,2.2419987872620557,0
.,4 4 5,.,.,.,0.016330345298870442,1625,2.235371281904445,0
.,4 4 5,.,0 0 0,.,0.015918318125175867,1584,2.2632208022621576,0
.,4 5 5,.,.,.,0.017425734614302368,1734,2.2978230075927493,0
.,4 5 5,.,0 0 0,.,0.01680266913213008,1672,2.3256970628665656,0
.,.,2 3 4,.,.,0.004341359488684327,432,2.2989614498383166,1
.,.,2 3 4,0 0 0,.,0.004331310045423483,431,2.308723351601857,1
.,5 4 4,.,.,.,0.006863769747156008,683,1.8381420661597048,0
.,3 3 3,.,0 0 0,1 1 1,0.0054467982473770955,542,1.1197819700423468,0
.,1 1 1,.,.,1 1 1,0.029294127105358364,2915,2.5476177594610543,0
.,1 1 1,.,0 0 0,1 1 1,0.028409776098404147,2827,2.570294915160497,0
9 10 10,.,.,.,.,0.008843510069542147,880,2.2412292680375216,0
9 10 10,.,.,0 0 0,.,0.008823411183020461,878,2.242298068688441,0
10 10 9,.,.,.,.,0.00809985126823974,806,2.3467391110044082,0
10 10 9,.,.,0 0 0,.,0.00803955460867468,800,2.348419071796484,0
.,.,5 5 6,.,.,0.01257185351931503,1251,2.3816636984945267,1
.,.,5 5 6,0 0 0,.,0.011958837480403585,1190,2.4343106791064093,1
.,.,5 6 6,.,.,0.013777786710616233,1371,2.53423153722088,0
.,.,5 6 6,0 0 0,.,0.0128431884873578,1278,2.5878064548594857,0
.,.,6 6 6,.,.,0.06587410057482815,6555,2.217083550926876,0
.,4 4 4,6 6 6,.,.,0.009677613860192145,963,2.218943835180784,0
.,.,6 6 6,0 0 0,.,0.044890863046187245,4467,2.3938504506185017,0
.,4 4 4,6 6 6,0 0 0,.,0.006079913172810226,605,2.26511244729269,0
.,3 3 3,6 6 6,.,.,0.005356353258029505,533,2.08301095985497,0
.,.,.,.,7 8 8,0.00423081561281505,421,2.4433949909555057,1
.,.,.,0 0 0,7 8 8,0.0042207661695542065,420,2.444952169552787,0
.,5 5 6,.,.,.,0.013104474012139728,1304,2.3138402542542766,0
.,5 5 6,.,0 0 0,.,0.01272259516822768,1266,2.3462733049078746,0
.,5 5 5,6 6 6,.,.,0.011054387586927684,1100,2.2588298129807733,0
.,5 5 5,6 6 6,0 0 0,.,0.007677774651284319,764,2.3057768532187546,0
.,.,6 6 6,0 0 1,.,0.004753386662378904,473,2.0097955996774552,0
10 10 10,.,.,.,.,0.07053704224785946,7019,2.3881476072269563,0
10 10 10,.,.,0 0 0,.,0.07041644892872935,7007,2.389069105564613,0
10 10 10,3 4 4,.,.,.,0.004281062829119267,426,2.237357813387188,1
10 10 10,.,2 2 3,.,.,0.005155364392812638,513,2.2908026459604973,1
10 10 10,3 4 4,.,0 0 0,.,0.004281062829119267,426,2.237357813387188,1
10 10 10,.,2 2 3,0 0 0,.,0.005155364392812638,513,2.2908026459604973,1
10 10 10,4 4 5,.,.,.,0.005044820516943362,502,2.3245510478174745,1
10 10 10,.,2 3 3,.,.,0.005758330988463239,573,2.3203670499299207,1
10 10 10,4 4 5,.,0 0 0,.,0.005034771073682518,501,2.323049639007768,1
10 10 10,.,2 3 3,0 0 0,.,0.005758330988463239,573,2.3203670499299207,1
.,5 5 5,5 5 5,.,.,0.009285685573019255,924,2.339907336020921,0
.,5 5 5,5 5 5,0 0 0,.,0.007225549704546368,719,2.4281083879388525,0
.,5 5 4,.,.,.,0.00599951762672348,597,1.6304332912620698,0
.,5 6 6,.,.,.,0.013526550629095148,1346,2.313713276746434,0
.,5 6 6,.,0 0 0,.,0.012893435703662018,1283,2.3426182433467937,0
.,6 6 6,6 6 6,.,.,0.009607267757366242,956,2.2743797054503085,0
.,6 6 6,6 6 6,0 0 0,.,0.00809985126823974,806,2.322204921609034,0
.,.,6 6 7,.,.,0.007868714073240343,783,2.349684346514741,0
.,.,6 6 7,0 0 0,.,0.007295895807372272,726,2.432435056965835,0
.,.,6 7 7,.,.,0.007275796920850585,724,2.1312586260586683,0
.,.,6 7 7,0 0 0,.,0.0063713470273746835,634,2.2105012692051296,0
.,.,7 7 7,.,.,0.04341359488684327,4320,1.994897072831497,0
.,6 6 6,7 7 7,.,.,0.006381396470635527,635,2.18357993239537,0
.,.,7 7 7,0 0 0,.,0.025646179201672226,2552,2.09882682411541,0
.,6 6 6,7 7 7,0 0 0,.,0.00456244724042288,454,2.2058998596794543,0
.,5 5 5,7 7 7,.,.,0.006039715399766853,601,2.1096976260636997,0
.,4 4 4,7 7 7,.,.,0.0044217550347710735,440,2.029834204171467,0
.,1 1 1,.,.,2 2 2,0.004180568396510834,416,2.9448418348642003,0
.,1 1 1,.,0 0 0,2 2 2,0.0041202717369457735,410,2.967756921826082,0
.,.,.,.,8 8 9,0.004843831651726495,482,2.537208591990511,1
.,.,.,0 0 0,8 8 9,0.004823732765204807,480,2.5375099478603005,1
0 0 0,.,.,.,.,0.09860513727539494,9812,2.00755102701377,0
.,.,0 0 0,.,.,0.09932869719017566,9884,1.999529248113671,0
0 0 0,3 3 3,.,.,.,0.005728182658680709,570,1.1741446783291438,0
0 0 0,.,0 0 0,.,.,0.09771073682517989,9723,2.007835889514656,0
0 0 0,.,.,0 0 0,.,0.0977609840414841,9728,2.0073235736369583,0
.,3 3 3,0 0 0,.,.,0.00608996261607107,606,1.2000828687274274,0
.,.,0 0 0,0 0 0,.,0.09932869719017566,9884,1.999529248113671,0
0 0 0,3 3 3,0 0 0,0 0 0,.,0.005728182658680709,570,1.1741446783291438,0
0 0 0,3 3 3,0 0 0,.,.,0.005728182658680709,570,1.1741446783291438,0
0 0 0,3 3 3,.,0 0 0,.,0.005728182658680709,570,1.1741446783291438,0
0 0 0,.,0 0 0,0 0 0,.,0.09771073682517989,9723,2.007835889514656,0
.,3 3 3,0 0 0,0 0 0,.,0.00608996261607107,606,1.2000828687274274,0
.,.,.,.,8 9 9,0.007406439683241548,737,2.4989312186735653,0
.,.,.,0 0 0,8 9 9,0.007396390239980705,736,2.5009236337132594,1
.,.,.,.,9 9 9,0.011446315874100575,1139,2.458644095316421,1
.,.,.,0 0 0,9 9 9,0.0114061181010572,1135,2.4598270338944768,0
.,.,.,.,9 9 10,0.00411022229368493,409,2.3630522026239382,0
.,.,.,0 0 0,9 9 10,0.00411022229368493,409,2.3630522026239382,0
10 10 10,4 5 5,.,.,.,0.005436748804116252,541,2.4503438127368278,1
10 10 10,4 5 5,.,0 0 0,.,0.005426699360855409,540,2.4515844893179093,1
10 10 10,5 5 5,.,.,.,0.004843831651726495,482,2.4263645816008528,1
10 10 10,.,3 3 4,.,.,0.005537243236724686,551,2.422547109579795,1
10 10 10,5 5 5,.,0 0 0,.,0.004843831651726495,482,2.4263645816008528,1
10 10 10,.,3 3 4,0 0 0,.,0.005527193793463842,550,2.421337563947337,1
10 10 10,.,3 4 4,.,.,0.006984363066286128,695,2.473440956419706,1
10 10 10,.,3 4 4,0 0 0,.,0.006984363066286128,695,2.473440956419706,0
.,.,.,.,9 9 8,0.00404992563411987,403,2.4731002620730917,1
.,.,.,0 0 0,9 9 8,0.004039876190859026,402,2.47483500526793,1
.,6 6 6,5 5 5,.,.,0.004662941673031314,464,2.1478684361021183,0
.,6 6 7,.,.,.,0.008240543473891547,820,2.3152427985365116,0
.,6 6 7,.,0 0 0,.,0.008059653495196367,802,2.3427817872529033,0
.,6 7 7,.,.,.,0.00806970293845721,803,2.327972302469352,1
.,6 7 7,.,0 0 0,.,0.007758170197371066,772,2.3677840724476877,1
10 10 10,.,4 4 5,.,.,0.005617638782811432,559,2.3943430027200887,0
10 10 10,.,.,.,9 9 9,0.007084857498894561,705,2.4490870278569417,1
10 10 10,.,4 4 5,0 0 0,.,0.005607589339550589,558,2.39306216120662,0
10 10 10,.,.,0 0 0,9 9 9,0.007074808055633718,704,2.450019293296679,1
.,2 2 2,0 0 0,.,.,0.01257185351931503,1251,1.4505880651367649,0
.,2 2 2,0 0 0,0 0 0,.,0.01257185351931503,1251,1.4505880651367649,0
10 10 10,.,.,.,8 9 9,0.004522249467379507,450,2.5360022909113633,0
10 10 10,.,.,0 0 0,8 9 9,0.004522249467379507,450,2.5360022909113633,0
.,.,8 8 8,.,.,0.026078305261888493,2595,2.2714972069000323,0
.,.,8 8 8,0 0 0,.,0.013807935040398761,1374,2.505354174416341,1
10 10 10,5 5 6,.,.,.,0.004371507818466857,435,2.3839460842073694,0
10 10 10,5 5 6,.,0 0 0,.,0.004361458375206013,434,2.3853198948224907,0
10 10 10,5 6 6,.,.,.,0.00417051895324999,415,2.325851692279806,0
10 10 10,5 6 6,.,0 0 0,.,0.00417051895324999,415,2.325851692279806,1
.,7 7 7,6 6 6,.,.,0.0056779354423764925,565,2.7516975320770496,0
.,7 7 7,6 6 6,0 0 0,.,0.004974474414117458,495,2.841877406196186,0
10 10 10,6 6 6,.,.,.,0.004371507818466857,435,2.449720166512344,0
10 10 10,6 6 6,.,0 0 0,.,0.004371507818466857,435,2.449720166512344,0
.,7 7 7,7 7 7,.,.,0.00423081561281505,421,2.040506009897783,0
.,.,9 9 9,.,.,0.006753225871286731,672,2.153838512295422,0
10 10 10,.,4 5 5,.,.,0.004361458375206013,434,2.2344263708478707,0
10 10 10,.,4 5 5,0 0 0,.,0.004361458375206013,434,2.238259006132344,0
.,1 1 1,0 0 0,.,.,0.03395706877838968,3379,2.655374525746014,0
.,1 1 1,0 0 0,0 0 0,.,0.03395706877838968,3379,2.655374525746014,0
10 10 10,7 7 7,.,.,.,0.004602645013466254,458,2.56963032694714,1
10 10 10,7 7 7,.,0 0 0,.,0.00459259557020541,457,2.5683277093430767,1
0 0 0,0 0 0,0 0 0,0 0 0,1 1 1,0.03701209952968606,3683,2.076788998687241,1
0 0 0,0 0 0,.,.,.,0.03847931824576918,3829,2.062085989489115,1
0 0 0,.,.,.,1 1 1,0.08531977328456003,8490,1.9481505719392864,1
.,0 0 0,0 0 0,.,.,0.03854966434859509,3836,2.051561591143684,1
.,.,0 0 0,.,1 1 1,0.08530972384129919,8489,1.9481731548412835,0
0 0 0,0 0 0,0 0 0,.,1 1 1,0.03701209952968606,3683,2.076788998687241,1
0 0 0,0 0 0,0 0 0,0 0 0,.,0.03847931824576918,3829,2.062085989489115,1
0 0 0,0 0 0,.,0 0 0,1 1 1,0.03701209952968606,3683,2.076788998687241,0
0 0 0,.,0 0 0,0 0 0,1 1 1,0.08530972384129919,8489,1.9481731548412835,0
.,0 0 0,0 0 0,0 0 0,1 1 1,0.03701209952968606,3683,2.076788998687241,1
0 0 0,0 0 0,0 0 0,.,.,0.03847931824576918,3829,2.062085989489115,1
0 0 0,0 0 0,.,.,1 1 1,0.03701209952968606,3683,2.076788998687241,1
0 0 0,0 0 0,.,0 0 0,.,0.03847931824576918,3829,2.062085989489115,1
0 0 0,.,0 0 0,.,1 1 1,0.08530972384129919,8489,1.9481731548412835,0
0 0 0,.,.,0 0 0,1 1 1,0.08530972384129919,8489,1.9481731548412835,0
.,0 0 0,0 0 0,.,1 1 1,0.03701209952968606,3683,2.076788998687241,1
.,0 0 0,0 0 0,0 0 0,.,0.03854966434859509,3836,2.051561591143684,1
.,.,0 0 0,0 0 0,1 1 1,0.08530972384129919,8489,1.9481731548412835,0
0 0 0,2 2 2,.,.,.,0.01227037022148973,1221,1.4436685352775624,0
0 0 0,2 2 2,0 0 0,0 0 0,.,0.012200024118663826,1214,1.4430211613109083,0
0 0 0,2 2 2,0 0 0,.,.,0.012200024118663826,1214,1.4430211613109083,0
0 0 0,2 2 2,.,0 0 0,.,0.01221007356192467,1215,1.4420107171305012,0
0 0 0,2 2 2,0 0 0,0 0 0,1 1 1,0.011084535916710214,1103,1.393400297920177,0
0 0 0,2 2 2,0 0 0,.,1 1 1,0.011084535916710214,1103,1.393400297920177,0
0 0 0,2 2 2,.,0 0 0,1 1 1,0.011084535916710214,1103,1.393400297920177,0
.,2 2 2,0 0 0,0 0 0,1 1 1,0.011084535916710214,1103,1.393400297920177,0
0 0 0,2 2 2,.,.,1 1 1,0.011084535916710214,1103,1.393400297920177,0
.,2 2 2,0 0 0,.,1 1 1,0.011084535916710214,1103,1.393400297920177,0
0 0 0,.,.,.,2 2 2,0.005919122080636733,589,2.3398094327675585,0
.,.,0 0 0,.,2 2 2,0.005919122080636733,589,2.3368992220302856,0
0 0 0,.,0 0 0,0 0 0,2 2 2,0.005919122080636733,589,2.3398094327675585,0
0 0 0,.,0 0 0,.,2 2 2,0.005919122080636733,589,2.3398094327675585,0
0 0 0,.,.,0 0 0,2 2 2,0.005919122080636733,589,2.3398094327675585,0
.,.,0 0 0,0 0 0,2 2 2,0.005919122080636733,589,2.3368992220302856,0
0 0 0,1 1 1,.,.,.,0.03368573381034691,3352,2.66824584393046,0
0 0 0,1 1 1,0 0 0,0 0 0,.,0.03367568436708606,3351,2.669165414710309,0
0 0 0,1 1 1,0 0 0,.,.,0.03367568436708606,3351,2.669165414710309,0
0 0 0,1 1 1,.,0 0 0,.,0.03368573381034691,3352,2.668908597493284,0
0 0 0,1 1 1,0 0 0,0 0 0,1 1 1,0.027997748924709572,2786,2.583371665593916,0
0 0 0,1 1 1,0 0 0,.,1 1 1,0.027997748924709572,2786,2.583371665593916,0
0 0 0,1 1 1,.,0 0 0,1 1 1,0.027997748924709572,2786,2.583371665593916,0
.,1 1 1,0 0 0,0 0 0,1 1 1,0.027997748924709572,2786,2.583371665593916,0
0 0 0,1 1 1,.,.,1 1 1,0.027997748924709572,2786,2.583371665593916,0
.,1 1 1,0 0 0,.,1 1 1,0.027997748924709572,2786,2.583371665593916,0
.,.,13 13 13,.,.,0.004070024520641556,405,2.7877967784140174,0
